date,mei
1871-01-31,0.032
1871-02-28,-0.055
1871-03-31,0.005
1871-04-30,0.42
1871-05-31,0.195
1871-06-30,-0.639
1871-07-31,-0.8420000000000001
1871-08-31,-0.474
1871-09-30,-0.14300000000000002
1871-10-31,0.07200000000000001
1871-11-30,0.107
1871-12-31,-0.20600000000000002
1872-01-31,-0.633
1872-02-29,-0.875
1872-03-31,-0.8640000000000001
1872-04-30,-0.664
1872-05-31,-0.59
1872-06-30,-0.618
1872-07-31,-0.6579999999999999
1872-08-31,-0.795
1872-09-30,-0.8
1872-10-31,-0.669
1872-11-30,-0.6509999999999999
1872-12-31,-0.847
1873-01-31,-0.93
1873-02-28,-0.991
1873-03-31,-1.301
1873-04-30,-1.489
1873-05-31,-1.0659999999999998
1873-06-30,-0.6890000000000001
1873-07-31,-0.657
1873-08-31,-0.6459999999999999
1873-09-30,-0.318
1873-10-31,-0.012
1873-11-30,-0.355
1873-12-31,-0.54
1874-01-31,-0.611
1874-02-28,-0.802
1874-03-31,-1.036
1874-04-30,-1.275
1874-05-31,-1.258
1874-06-30,-0.9640000000000001
1874-07-31,-0.902
1874-08-31,-1.143
1874-09-30,-1.148
1874-10-31,-1.003
1874-11-30,-0.7709999999999999
1874-12-31,-0.679
1875-01-31,-0.774
1875-02-28,-0.6859999999999999
1875-03-31,-0.67
1875-04-30,-0.958
1875-05-31,-1.315
1875-06-30,-1.8119999999999998
1875-07-31,-1.964
1875-08-31,-1.5530000000000002
1875-09-30,-1.295
1875-10-31,-0.993
1875-11-30,-0.682
1875-12-31,-0.688
1876-01-31,-0.878
1876-02-29,-1.196
1876-03-31,-1.504
1876-04-30,-1.6909999999999998
1876-05-31,-1.8780000000000001
1876-06-30,-1.845
1876-07-31,-1.435
1876-08-31,-0.867
1876-09-30,-0.39299999999999996
1876-10-31,-0.071
1876-11-30,0.08800000000000001
1876-12-31,0.17
1877-01-31,0.193
1877-02-28,0.33399999999999996
1877-03-31,0.373
1877-04-30,0.353
1877-05-31,0.441
1877-06-30,0.69
1877-07-31,1.318
1877-08-31,1.6869999999999998
1877-09-30,1.788
1877-10-31,2.07
1877-11-30,2.165
1877-12-31,1.7630000000000001
1878-01-31,1.8769999999999998
1878-02-28,2.3609999999999998
1878-03-31,2.495
1878-04-30,1.883
1878-05-31,1.006
1878-06-30,0.58
1878-07-31,0.54
1878-08-31,0.235
1878-09-30,-0.371
1878-10-31,-0.845
1878-11-30,-0.9109999999999999
1878-12-31,-0.9209999999999999
1879-01-31,-1.005
1879-02-28,-0.7290000000000001
1879-03-31,-0.445
1879-04-30,-0.447
1879-05-31,-0.956
1879-06-30,-1.18
1879-07-31,-0.8270000000000001
1879-08-31,-0.607
1879-09-30,-0.523
1879-10-31,-0.557
1879-11-30,-0.72
1879-12-31,-1.031
1880-01-31,-1.057
1880-02-29,-0.83
1880-03-31,-0.899
1880-04-30,-1.069
1880-05-31,-0.965
1880-06-30,-0.595
1880-07-31,0.113
1880-08-31,0.39399999999999996
1880-09-30,0.083
1880-10-31,-0.228
1880-11-30,-0.128
1880-12-31,0.17
1881-01-31,0.14800000000000002
1881-02-28,0.215
1881-03-31,0.174
1881-04-30,0.08199999999999999
1881-05-31,-0.105
1881-06-30,-0.062
1881-07-31,-0.153
1881-08-31,-0.5589999999999999
1881-09-30,-0.6559999999999999
1881-10-31,-0.389
1881-11-30,-0.499
1881-12-31,-0.7759999999999999
1882-01-31,-0.598
1882-02-28,-0.461
1882-03-31,-0.585
1882-04-30,-0.799
1882-05-31,-1.028
1882-06-30,-0.97
1882-07-31,-0.6859999999999999
1882-08-31,-0.436
1882-09-30,-0.267
1882-10-31,-0.261
1882-11-30,-0.379
1882-12-31,-0.40399999999999997
1883-01-31,-0.562
1883-02-28,-0.628
1883-03-31,-0.562
1883-04-30,-0.672
1883-05-31,-1.07
1883-06-30,-0.898
1883-07-31,-0.284
1883-08-31,-0.228
1883-09-30,-0.314
1883-10-31,-0.01
1883-11-30,0.004
1883-12-31,-0.012
1884-01-31,0.094
1884-02-29,0.121
1884-03-31,0.11199999999999999
1884-04-30,0.369
1884-05-31,0.7859999999999999
1884-06-30,0.725
1884-07-31,0.368
1884-08-31,0.433
1884-09-30,0.628
1884-10-31,0.525
1884-11-30,0.33299999999999996
1884-12-31,0.43200000000000005
1885-01-31,0.639
1885-02-28,0.599
1885-03-31,0.262
1885-04-30,0.247
1885-05-31,0.588
1885-06-30,0.414
1885-07-31,-0.044000000000000004
1885-08-31,0.21100000000000002
1885-09-30,0.506
1885-10-31,0.804
1885-11-30,1.216
1885-12-31,0.914
1886-01-31,0.384
1886-02-28,0.11199999999999999
1886-03-31,0.016
1886-04-30,-0.10300000000000001
1886-05-31,-0.619
1886-06-30,-1.274
1886-07-31,-1.466
1886-08-31,-1.351
1886-09-30,-1.228
1886-10-31,-1.2329999999999999
1886-11-30,-1.306
1886-12-31,-1.272
1887-01-31,-1.4509999999999998
1887-02-28,-1.5730000000000002
1887-03-31,-1.3130000000000002
1887-04-30,-1.088
1887-05-31,-1.2570000000000001
1887-06-30,-0.9259999999999999
1887-07-31,-0.066
1887-08-31,0.19399999999999998
1887-09-30,0.113
1887-10-31,-0.154
1887-11-30,-0.314
1887-12-31,-0.155
1888-01-31,0.036000000000000004
1888-02-29,0.389
1888-03-31,0.792
1888-04-30,0.948
1888-05-31,0.8740000000000001
1888-06-30,0.9209999999999999
1888-07-31,1.038
1888-08-31,1.34
1888-09-30,1.732
1888-10-31,1.788
1888-11-30,1.723
1888-12-31,1.851
1889-01-31,1.893
1889-02-28,1.865
1889-03-31,1.618
1889-04-30,1.163
1889-05-31,0.48100000000000004
1889-06-30,-0.068
1889-07-31,-0.555
1889-08-31,-1.192
1889-09-30,-1.494
1889-10-31,-1.534
1889-11-30,-1.5319999999999998
1889-12-31,-1.4509999999999998
1890-01-31,-1.53
1890-02-28,-1.7309999999999999
1890-03-31,-1.584
1890-04-30,-1.456
1890-05-31,-1.55
1890-06-30,-1.564
1890-07-31,-1.406
1890-08-31,-1.264
1890-09-30,-1.186
1890-10-31,-1.006
1890-11-30,-0.8759999999999999
1890-12-31,-0.638
1891-01-31,-0.557
1891-02-28,-0.287
1891-03-31,0.17
1891-04-30,0.285
1891-05-31,0.061
1891-06-30,0.128
1891-07-31,0.36
1891-08-31,0.382
1891-09-30,0.192
1891-10-31,0.021
1891-11-30,-0.09699999999999999
1891-12-31,-0.188
1892-01-31,-0.128
1892-02-29,-0.184
1892-03-31,-0.708
1892-04-30,-1.486
1892-05-31,-1.5719999999999998
1892-06-30,-1.1520000000000001
1892-07-31,-1.0270000000000001
1892-08-31,-1.29
1892-09-30,-1.619
1892-10-31,-1.7480000000000002
1892-11-30,-1.682
1892-12-31,-1.545
1893-01-31,-1.5530000000000002
1893-02-28,-1.625
1893-03-31,-1.565
1893-04-30,-1.524
1893-05-31,-1.9409999999999998
1893-06-30,-2.356
1893-07-31,-2.56
1893-08-31,-2.524
1893-09-30,-2.427
1893-10-31,-2.167
1893-11-30,-1.8319999999999999
1893-12-31,-1.368
1894-01-31,-1.206
1894-02-28,-1.3230000000000002
1894-03-31,-1.4480000000000002
1894-04-30,-1.645
1894-05-31,-1.32
1894-06-30,-0.7709999999999999
1894-07-31,-0.92
1894-08-31,-1.018
1894-09-30,-0.856
1894-10-31,-0.914
1894-11-30,-0.799
1894-12-31,-0.665
1895-01-31,-0.706
1895-02-28,-0.775
1895-03-31,-0.772
1895-04-30,-0.8029999999999999
1895-05-31,-0.83
1895-06-30,-0.624
1895-07-31,-0.182
1895-08-31,0.281
1895-09-30,0.45299999999999996
1895-10-31,0.264
1895-11-30,0.08199999999999999
1895-12-31,0.044000000000000004
1896-01-31,-0.16
1896-02-29,-0.20800000000000002
1896-03-31,-0.065
1896-04-30,-0.161
1896-05-31,0.066
1896-06-30,0.657
1896-07-31,0.91
1896-08-31,1.2229999999999999
1896-09-30,1.484
1896-10-31,1.294
1896-11-30,1.2
1896-12-31,1.4180000000000001
1897-01-31,1.5430000000000001
1897-02-28,1.351
1897-03-31,1.15
1897-04-30,1.085
1897-05-31,0.8759999999999999
1897-06-30,0.369
1897-07-31,-0.031
1897-08-31,-0.147
1897-09-30,-0.29600000000000004
1897-10-31,-0.449
1897-11-30,-0.348
1897-12-31,-0.384
1898-01-31,-0.461
1898-02-28,-0.691
1898-03-31,-0.9990000000000001
1898-04-30,-0.8959999999999999
1898-05-31,-0.55
1898-06-30,-0.425
1898-07-31,-0.307
1898-08-31,-0.597
1898-09-30,-1.093
1898-10-31,-0.85
1898-11-30,-0.312
1898-12-31,-0.33399999999999996
1899-01-31,-0.608
1899-02-28,-0.6940000000000001
1899-03-31,-0.539
1899-04-30,-0.245
1899-05-31,0.03
1899-06-30,0.182
1899-07-31,0.48200000000000004
1899-08-31,0.883
1899-09-30,1.114
1899-10-31,0.966
1899-11-30,0.9059999999999999
1899-12-31,1.079
1900-01-31,1.056
1900-02-28,1.05
1900-03-31,1.187
1900-04-30,1.46
1900-05-31,1.713
1900-06-30,1.653
1900-07-31,1.361
1900-08-31,0.688
1900-09-30,0.314
1900-10-31,0.354
1900-11-30,0.467
1900-12-31,0.43799999999999994
1901-01-31,0.612
1901-02-28,0.5329999999999999
1901-03-31,0.156
1901-04-30,-0.09
1901-05-31,-0.013000000000000001
1901-06-30,-0.062
1901-07-31,-0.11199999999999999
1901-08-31,0.07400000000000001
1901-09-30,-0.121
1901-10-31,-0.38299999999999995
1901-11-30,-0.5760000000000001
1901-12-31,-0.425
1902-01-31,-0.32799999999999996
1902-02-28,-0.256
1902-03-31,0.098
1902-04-30,0.48700000000000004
1902-05-31,0.955
1902-06-30,1.5190000000000001
1902-07-31,1.9169999999999998
1902-08-31,1.591
1902-09-30,1.395
1902-10-31,1.706
1902-11-30,2.039
1902-12-31,1.713
1903-01-31,0.925
1903-02-28,0.853
1903-03-31,0.978
1903-04-30,0.606
1903-05-31,-0.057999999999999996
1903-06-30,-0.397
1903-07-31,-0.46
1903-08-31,-0.657
1903-09-30,-0.495
1903-10-31,-0.504
1903-11-30,-0.784
1903-12-31,-0.925
1904-01-31,-1.194
1904-02-29,-1.251
1904-03-31,-1.09
1904-04-30,-0.924
1904-05-31,-0.563
1904-06-30,-0.20800000000000002
1904-07-31,0.3
1904-08-31,0.657
1904-09-30,0.7070000000000001
1904-10-31,0.812
1904-11-30,0.743
1904-12-31,0.736
1905-01-31,0.789
1905-02-28,0.893
1905-03-31,1.124
1905-04-30,1.261
1905-05-31,1.129
1905-06-30,1.4569999999999999
1905-07-31,1.954
1905-08-31,1.869
1905-09-30,1.641
1905-10-31,1.482
1905-11-30,1.2209999999999999
1905-12-31,1.232
1906-01-31,1.053
1906-02-28,0.664
1906-03-31,0.512
1906-04-30,0.47700000000000004
1906-05-31,0.37
1906-06-30,0.16899999999999998
1906-07-31,-0.28
1906-08-31,-0.49200000000000005
1906-09-30,-0.792
1906-10-31,-1.1840000000000002
1906-11-30,-0.8740000000000001
1906-12-31,-0.674
1907-01-31,-0.828
1907-02-28,-0.727
1907-03-31,-0.669
1907-04-30,-0.89
1907-05-31,-1.016
1907-06-30,-0.9229999999999999
1907-07-31,-0.511
1907-08-31,-0.008
1907-09-30,0.14300000000000002
1907-10-31,0.024
1907-11-30,-0.35600000000000004
1907-12-31,-0.466
1908-01-31,-0.447
1908-02-29,-0.465
1908-03-31,-0.644
1908-04-30,-0.988
1908-05-31,-1.306
1908-06-30,-1.32
1908-07-31,-0.873
1908-08-31,-0.672
1908-09-30,-0.885
1908-10-31,-1.004
1908-11-30,-1.064
1908-12-31,-1.2819999999999998
1909-01-31,-1.0290000000000001
1909-02-28,-0.613
1909-03-31,-0.677
1909-04-30,-0.914
1909-05-31,-0.975
1909-06-30,-1.203
1909-07-31,-1.5
1909-08-31,-1.673
1909-09-30,-1.7530000000000001
1909-10-31,-1.6
1909-11-30,-1.5319999999999998
1909-12-31,-1.4980000000000002
1910-01-31,-1.385
1910-02-28,-1.42
1910-03-31,-1.6230000000000002
1910-04-30,-1.8130000000000002
1910-05-31,-1.911
1910-06-30,-1.985
1910-07-31,-2.008
1910-08-31,-1.65
1910-09-30,-1.4880000000000002
1910-10-31,-1.611
1910-11-30,-1.426
1910-12-31,-1.348
1911-01-31,-1.196
1911-02-28,-0.728
1911-03-31,-0.55
1911-04-30,-1.047
1911-05-31,-1.55
1911-06-30,-1.556
1911-07-31,-0.919
1911-08-31,-0.05
1911-09-30,0.301
1911-10-31,0.502
1911-11-30,0.7440000000000001
1911-12-31,0.789
1912-01-31,0.9129999999999999
1912-02-29,1.004
1912-03-31,0.7979999999999999
1912-04-30,0.619
1912-05-31,0.36
1912-06-30,-0.306
1912-07-31,-0.58
1912-08-31,-0.569
1912-09-30,-0.285
1912-10-31,0.003
1912-11-30,0.003
1912-12-31,-0.048
1913-01-31,-0.019
1913-02-28,0.19399999999999998
1913-03-31,0.17
1913-04-30,-0.5479999999999999
1913-05-31,-0.9440000000000001
1913-06-30,-0.376
1913-07-31,0.055999999999999994
1913-08-31,0.342
1913-09-30,0.6809999999999999
1913-10-31,0.531
1913-11-30,0.5479999999999999
1913-12-31,0.78
1914-01-31,0.805
1914-02-28,0.809
1914-03-31,0.7959999999999999
1914-04-30,0.604
1914-05-31,0.451
1914-06-30,0.354
1914-07-31,0.613
1914-08-31,1.219
1914-09-30,1.328
1914-10-31,0.9740000000000001
1914-11-30,1.028
1914-12-31,1.2570000000000001
1915-01-31,1.308
1915-02-28,1.173
1915-03-31,0.885
1915-04-30,1.091
1915-05-31,1.556
1915-06-30,1.5519999999999998
1915-07-31,0.983
1915-08-31,0.523
1915-09-30,0.21
1915-10-31,-0.317
1915-11-30,-0.688
1915-12-31,-0.589
1916-01-31,-0.405
1916-02-29,-0.675
1916-03-31,-0.993
1916-04-30,-0.872
1916-05-31,-0.851
1916-06-30,-1.053
1916-07-31,-1.4980000000000002
1916-08-31,-2.099
1916-09-30,-2.173
1916-10-31,-1.7730000000000001
1916-11-30,-1.6780000000000002
1916-12-31,-1.899
1917-01-31,-1.915
1917-02-28,-1.764
1917-03-31,-1.6059999999999999
1917-04-30,-1.5719999999999998
1917-05-31,-1.745
1917-06-30,-1.713
1917-07-31,-1.127
1917-08-31,-0.9670000000000001
1917-09-30,-1.093
1917-10-31,-1.1159999999999999
1917-11-30,-1.127
1917-12-31,-1.202
1918-01-31,-1.328
1918-02-28,-1.138
1918-03-31,-0.9490000000000001
1918-04-30,-0.787
1918-05-31,-0.574
1918-06-30,-0.055
1918-07-31,1.046
1918-08-31,1.479
1918-09-30,1.052
1918-10-31,0.9690000000000001
1918-11-30,1.051
1918-12-31,1.158
1919-01-31,1.527
1919-02-28,1.7530000000000001
1919-03-31,1.538
1919-04-30,1.083
1919-05-31,1.026
1919-06-30,1.2790000000000001
1919-07-31,1.224
1919-08-31,1.151
1919-09-30,0.995
1919-10-31,0.81
1919-11-30,0.5
1919-12-31,0.145
1920-01-31,0.265
1920-02-29,0.564
1920-03-31,0.6629999999999999
1920-04-30,0.5670000000000001
1920-05-31,0.34700000000000003
1920-06-30,0.248
1920-07-31,-0.19699999999999998
1920-08-31,-0.342
1920-09-30,-0.235
1920-10-31,-0.3
1920-11-30,-0.054000000000000006
1920-12-31,0.037000000000000005
1921-01-31,0.034
1921-02-28,-0.052000000000000005
1921-03-31,-0.638
1921-04-30,-1.124
1921-05-31,-0.8340000000000001
1921-06-30,-0.578
1921-07-31,-0.605
1921-08-31,-0.563
1921-09-30,-0.595
1921-10-31,-0.617
1921-11-30,-0.368
1921-12-31,-0.29600000000000004
1922-01-31,-0.483
1922-02-28,-0.565
1922-03-31,-0.365
1922-04-30,-0.044000000000000004
1922-05-31,0.028999999999999998
1922-06-30,-0.223
1922-07-31,-0.49200000000000005
1922-08-31,-0.401
1922-09-30,-0.37
1922-10-31,-0.506
1922-11-30,-0.465
1922-12-31,-0.691
1923-01-31,-0.838
1923-02-28,-0.623
1923-03-31,-0.517
1923-04-30,-0.528
1923-05-31,-0.41
1923-06-30,-0.035
1923-07-31,0.494
1923-08-31,0.7879999999999999
1923-09-30,0.895
1923-10-31,0.92
1923-11-30,1.021
1923-12-31,0.929
1924-01-31,0.664
1924-02-29,0.409
1924-03-31,0.124
1924-04-30,-0.21600000000000003
1924-05-31,-0.685
1924-06-30,-1.093
1924-07-31,-1.244
1924-08-31,-1.4480000000000002
1924-09-30,-1.4580000000000002
1924-10-31,-0.996
1924-11-30,-0.845
1924-12-31,-0.956
1925-01-31,-0.9540000000000001
1925-02-28,-0.79
1925-03-31,-0.48200000000000004
1925-04-30,-0.134
1925-05-31,0.048
1925-06-30,0.025
1925-07-31,0.217
1925-08-31,0.802
1925-09-30,1.286
1925-10-31,1.511
1925-11-30,1.511
1925-12-31,1.588
1926-01-31,1.4069999999999998
1926-02-28,1.35
1926-03-31,1.6019999999999999
1926-04-30,1.71
1926-05-31,1.33
1926-06-30,1.06
1926-07-31,1.067
1926-08-31,0.685
1926-09-30,0.179
1926-10-31,-0.03
1926-11-30,-0.025
1926-12-31,-0.001
1927-01-31,0.013999999999999999
1927-02-28,0.158
1927-03-31,0.193
1927-04-30,-0.27399999999999997
1927-05-31,-0.39899999999999997
1927-06-30,-0.239
1927-07-31,-0.405
1927-08-31,-0.195
1927-09-30,0.162
1927-10-31,0.20600000000000002
1927-11-30,0.376
1927-12-31,0.34299999999999997
1928-01-31,0.312
1928-02-29,0.47600000000000003
1928-03-31,0.34600000000000003
1928-04-30,-0.001
1928-05-31,-0.131
1928-06-30,0.071
1928-07-31,0.34600000000000003
1928-08-31,0.06
1928-09-30,-0.47100000000000003
1928-10-31,-0.466
1928-11-30,-0.29600000000000004
1928-12-31,-0.161
1929-01-31,-0.064
1929-02-28,-0.054000000000000006
1929-03-31,-0.18899999999999997
1929-04-30,-0.237
1929-05-31,0.076
1929-06-30,0.418
1929-07-31,0.557
1929-08-31,0.7340000000000001
1929-09-30,0.845
1929-10-31,0.677
1929-11-30,0.45899999999999996
1929-12-31,0.46799999999999997
1930-01-31,0.506
1930-02-28,0.552
1930-03-31,0.767
1930-04-30,1.038
1930-05-31,1.199
1930-06-30,1.054
1930-07-31,1.143
1930-08-31,1.395
1930-09-30,1.507
1930-10-31,1.652
1930-11-30,1.723
1930-12-31,1.925
1931-01-31,1.915
1931-02-28,1.855
1931-03-31,1.955
1931-04-30,1.905
1931-05-31,1.496
1931-06-30,0.877
1931-07-31,0.425
1931-08-31,0.262
1931-09-30,0.172
1931-10-31,0.179
1931-11-30,0.248
1931-12-31,0.19699999999999998
1932-01-31,0.187
1932-02-29,0.276
1932-03-31,0.485
1932-04-30,0.787
1932-05-31,0.9640000000000001
1932-06-30,0.998
1932-07-31,1.114
1932-08-31,1.025
1932-09-30,0.483
1932-10-31,-0.05
1932-11-30,-0.147
1932-12-31,-0.023
1933-01-31,-0.059000000000000004
1933-02-28,-0.126
1933-03-31,-0.396
1933-04-30,-0.49700000000000005
1933-05-31,-0.38799999999999996
1933-06-30,-0.6709999999999999
1933-07-31,-0.769
1933-08-31,-0.8270000000000001
1933-09-30,-1.014
1933-10-31,-1.001
1933-11-30,-0.987
1933-12-31,-1.093
1934-01-31,-1.251
1934-02-28,-1.214
1934-03-31,-1.0070000000000001
1934-04-30,-0.6509999999999999
1934-05-31,-0.24600000000000002
1934-06-30,-0.07400000000000001
1934-07-31,-0.133
1934-08-31,-0.174
1934-09-30,0.037000000000000005
1934-10-31,0.114
1934-11-30,-0.084
1934-12-31,-0.141
1935-01-31,-0.19699999999999998
1935-02-28,-0.331
1935-03-31,-0.511
1935-04-30,-0.508
1935-05-31,-0.11
1935-06-30,0.096
1935-07-31,-0.055
1935-08-31,0.017
1935-09-30,0.322
1935-10-31,0.41200000000000003
1935-11-30,0.364
1935-12-31,0.37200000000000005
1936-01-31,0.193
1936-02-29,0.156
1936-03-31,0.319
1936-04-30,0.44
1936-05-31,0.513
1936-06-30,0.474
1936-07-31,0.292
1936-08-31,0.249
1936-09-30,0.20600000000000002
1936-10-31,0.138
1936-11-30,0.258
1936-12-31,0.361
1937-01-31,0.34
1937-02-28,0.20600000000000002
1937-03-31,0.218
1937-04-30,0.08199999999999999
1937-05-31,-0.13
1937-06-30,-0.27699999999999997
1937-07-31,-0.292
1937-08-31,-0.071
1937-09-30,0.18600000000000003
1937-10-31,0.26
1937-11-30,0.157
1937-12-31,-0.081
1938-01-31,-0.27699999999999997
1938-02-28,-0.408
1938-03-31,-0.47700000000000004
1938-04-30,-0.68
1938-05-31,-0.971
1938-06-30,-1.035
1938-07-31,-1.25
1938-08-31,-1.392
1938-09-30,-1.198
1938-10-31,-0.787
1938-11-30,-0.595
1938-12-31,-0.7140000000000001
1939-01-31,-0.7859999999999999
1939-02-28,-0.8240000000000001
1939-03-31,-0.9790000000000001
1939-04-30,-0.93
1939-05-31,-0.433
1939-06-30,0.033
1939-07-31,0.26899999999999996
1939-08-31,0.579
1939-09-30,0.877
1939-10-31,0.715
1939-11-30,0.313
1939-12-31,0.313
1940-01-31,0.6579999999999999
1940-02-29,0.9209999999999999
1940-03-31,1.163
1940-04-30,1.419
1940-05-31,1.4409999999999998
1940-06-30,1.419
1940-07-31,1.3519999999999999
1940-08-31,1.119
1940-09-30,0.988
1940-10-31,0.965
1940-11-30,0.873
1940-12-31,0.9670000000000001
1941-01-31,1.35
1941-02-28,1.55
1941-03-31,1.7930000000000001
1941-04-30,2.07
1941-05-31,2.269
1941-06-30,2.001
1941-07-31,1.496
1941-08-31,1.5219999999999998
1941-09-30,1.514
1941-10-31,1.435
1941-11-30,1.629
1941-12-31,1.605
1942-01-31,1.324
1942-02-28,1.0290000000000001
1942-03-31,0.87
1942-04-30,0.7979999999999999
1942-05-31,0.41
1942-06-30,-0.262
1942-07-31,-0.706
1942-08-31,-0.879
1942-09-30,-0.9079999999999999
1942-10-31,-0.968
1942-11-30,-1.089
1942-12-31,-1.165
1943-01-31,-1.2570000000000001
1943-02-28,-1.166
1943-03-31,-0.846
1943-04-30,-0.46299999999999997
1943-05-31,-0.004
1943-06-30,0.375
1943-07-31,0.504
1943-08-31,0.145
1943-09-30,-0.179
1943-10-31,-0.363
1943-11-30,-0.428
1943-12-31,-0.34700000000000003
1944-01-31,-0.289
1944-02-29,-0.035
1944-03-31,0.22
1944-04-30,0.258
1944-05-31,0.239
1944-06-30,0.161
1944-07-31,0.10800000000000001
1944-08-31,0.028999999999999998
1944-09-30,-0.257
1944-10-31,-0.273
1944-11-30,-0.256
1944-12-31,-0.425
1945-01-31,-0.395
1945-02-28,-0.41
1945-03-31,-0.47100000000000003
1945-04-30,-0.425
1945-05-31,-0.193
1945-06-30,0.024
1945-07-31,-0.36200000000000004
1945-08-31,-0.645
1945-09-30,-0.462
1945-10-31,-0.01
1945-11-30,0.23399999999999999
1945-12-31,-0.018000000000000002
1946-01-31,-0.213
1946-02-28,-0.247
1946-03-31,-0.223
1946-04-30,-0.158
1946-05-31,-0.214
1946-06-30,-0.193
1946-07-31,-0.07200000000000001
1946-08-31,-0.043
1946-09-30,0.141
1946-10-31,0.36
1946-11-30,0.33
1946-12-31,0.212
1947-01-31,0.19699999999999998
1947-02-28,0.111
1947-03-31,-0.11599999999999999
1947-04-30,-0.301
1947-05-31,-0.382
1947-06-30,-0.157
1947-07-31,-0.177
1947-08-31,-0.47600000000000003
1947-09-30,-0.633
1947-10-31,-0.67
1947-11-30,-0.541
1947-12-31,-0.406
1948-01-31,-0.063
1948-02-29,0.326
1948-03-31,0.606
1948-04-30,0.569
1948-05-31,0.259
1948-06-30,0.18
1948-07-31,0.067
1948-08-31,-0.042
1948-09-30,-0.027000000000000003
1948-10-31,-0.083
1948-11-30,-0.27899999999999997
1948-12-31,-0.175
1949-01-31,0.066
1949-02-28,-0.063
1949-03-31,-0.252
1949-04-30,-0.133
1949-05-31,0.19399999999999998
1949-06-30,0.006999999999999999
1949-07-31,-0.519
1949-08-31,-0.698
1949-09-30,-0.611
1949-10-31,-0.726
1949-11-30,-0.9570000000000001
1949-12-31,-0.924
1950-01-31,-0.941
1950-02-28,-1.131
1950-03-31,-1.347
1950-04-30,-1.3769999999999998
1950-05-31,-1.2819999999999998
1950-06-30,-1.232
1950-07-31,-1.538
1950-08-31,-1.797
1950-09-30,-1.433
1950-10-31,-1.03
1950-11-30,-1.109
1950-12-31,-1.3780000000000001
1951-01-31,-1.264
1951-02-28,-1.18
1951-03-31,-1.176
1951-04-30,-0.795
1951-05-31,-0.13
1951-06-30,0.382
1951-07-31,0.782
1951-08-31,1.1159999999999999
1951-09-30,1.2329999999999999
1951-10-31,1.04
1951-11-30,0.867
1951-12-31,0.738
1952-01-31,0.613
1952-02-29,0.565
1952-03-31,0.449
1952-04-30,0.43700000000000006
1952-05-31,0.434
1952-06-30,0.017
1952-07-31,-0.303
1952-08-31,-0.251
1952-09-30,0.004
1952-10-31,0.17800000000000002
1952-11-30,-0.035
1952-12-31,-0.11900000000000001
1953-01-31,0.154
1953-02-28,0.40299999999999997
1953-03-31,0.59
1953-04-30,0.69
1953-05-31,0.758
1953-06-30,0.581
1953-07-31,0.31
1953-08-31,0.447
1953-09-30,0.778
1953-10-31,0.568
1953-11-30,0.10400000000000001
1953-12-31,0.138
1954-01-31,0.10300000000000001
1954-02-28,-0.13699999999999998
1954-03-31,-0.024
1954-04-30,0.13699999999999998
1954-05-31,-0.065
1954-06-30,-0.419
1954-07-31,-0.838
1954-08-31,-1.041
1954-09-30,-0.9620000000000001
1954-10-31,-0.9540000000000001
1954-11-30,-1.0490000000000002
1954-12-31,-1.155
1955-01-31,-0.955
1955-02-28,-0.858
1955-03-31,-1.147
1955-04-30,-1.2919999999999998
1955-05-31,-1.4969999999999999
1955-06-30,-1.8869999999999998
1955-07-31,-1.749
1955-08-31,-1.5430000000000001
1955-09-30,-1.6469999999999998
1955-10-31,-1.96
1955-11-30,-2.081
1955-12-31,-1.965
1956-01-31,-1.7630000000000001
1956-02-29,-1.614
1956-03-31,-1.5319999999999998
1956-04-30,-1.329
1956-05-31,-1.3659999999999999
1956-06-30,-1.538
1956-07-31,-1.371
1956-08-31,-0.898
1956-09-30,-0.754
1956-10-31,-0.95
1956-11-30,-1.0759999999999998
1956-12-31,-0.9470000000000001
1957-01-31,-0.736
1957-02-28,-0.387
1957-03-31,0.049
1957-04-30,0.41
1957-05-31,0.792
1957-06-30,1.371
1957-07-31,1.6280000000000001
1957-08-31,1.551
1957-09-30,1.436
1957-10-31,1.1520000000000001
1957-11-30,1.157
1957-12-31,1.3119999999999998
1958-01-31,1.4780000000000002
1958-02-28,1.5490000000000002
1958-03-31,1.505
1958-04-30,1.38
1958-05-31,1.5
1958-06-30,1.6019999999999999
1958-07-31,1.419
1958-08-31,1.02
1958-09-30,0.604
1958-10-31,0.424
1958-11-30,0.373
1958-12-31,0.534
1959-01-31,0.639
1959-02-28,0.747
1959-03-31,0.86
1959-04-30,0.748
1959-05-31,0.797
1959-06-30,0.8640000000000001
1959-07-31,0.5489999999999999
1959-08-31,0.308
1959-09-30,0.23199999999999998
1959-10-31,0.142
1959-11-30,0.048
1959-12-31,-0.125
1960-01-31,-0.07
1960-02-29,0.073
1960-03-31,0.106
1960-04-30,0.16699999999999998
1960-05-31,0.177
1960-06-30,0.071
1960-07-31,-0.078
1960-08-31,-0.303
1960-09-30,-0.253
1960-10-31,-0.256
1960-11-30,-0.28600000000000003
1960-12-31,-0.19699999999999998
1961-01-31,-0.011000000000000001
1961-02-28,0.016
1961-03-31,-0.065
1961-04-30,0.156
1961-05-31,0.273
1961-06-30,0.193
1961-07-31,0.087
1961-08-31,0.10800000000000001
1961-09-30,0.006
1961-10-31,-0.396
1961-11-30,-0.508
1961-12-31,-0.526
1962-01-31,-0.894
1962-02-28,-0.8909999999999999
1962-03-31,-0.434
1962-04-30,-0.436
1962-05-31,-0.975
1962-06-30,-0.894
1962-07-31,-0.408
1962-08-31,-0.408
1962-09-30,-0.534
1962-10-31,-0.59
1962-11-30,-0.616
1962-12-31,-0.3
1963-01-31,-0.371
1963-02-28,-0.579
1963-03-31,-0.461
1963-04-30,-0.233
1963-05-31,0.037000000000000005
1963-06-30,0.23199999999999998
1963-07-31,0.508
1963-08-31,0.91
1963-09-30,1.0590000000000002
1963-10-31,1.11
1963-11-30,1.07
1963-12-31,0.9740000000000001
1964-01-31,0.9329999999999999
1964-02-29,0.73
1964-03-31,0.25
1964-04-30,-0.349
1964-05-31,-0.8270000000000001
1964-06-30,-1.093
1964-07-31,-1.2770000000000001
1964-08-31,-1.2890000000000001
1964-09-30,-1.1909999999999998
1964-10-31,-1.171
1964-11-30,-1.0590000000000002
1964-12-31,-0.895
1965-01-31,-0.66
1965-02-28,-0.33299999999999996
1965-03-31,-0.132
1965-04-30,0.076
1965-05-31,0.519
1965-06-30,1.025
1965-07-31,1.3630000000000002
1965-08-31,1.7309999999999999
1965-09-30,1.73
1965-10-31,1.42
1965-11-30,1.5230000000000001
1965-12-31,1.726
1966-01-31,1.682
1966-02-28,1.526
1966-03-31,1.213
1966-04-30,0.889
1966-05-31,0.823
1966-06-30,0.648
1966-07-31,0.35700000000000004
1966-08-31,0.264
1966-09-30,0.076
1966-10-31,-0.05
1966-11-30,0.07
1966-12-31,0.023
1967-01-31,-0.20800000000000002
1967-02-28,-0.501
1967-03-31,-0.753
1967-04-30,-0.727
1967-05-31,-0.55
1967-06-30,-0.5820000000000001
1967-07-31,-0.741
1967-08-31,-0.828
1967-09-30,-0.8370000000000001
1967-10-31,-0.785
1967-11-30,-0.591
1967-12-31,-0.37200000000000005
1968-01-31,-0.456
1968-02-29,-0.62
1968-03-31,-0.6579999999999999
1968-04-30,-0.759
1968-05-31,-0.733
1968-06-30,-0.525
1968-07-31,-0.544
1968-08-31,-0.33799999999999997
1968-09-30,0.204
1968-10-31,0.619
1968-11-30,0.726
1968-12-31,0.655
1969-01-31,0.755
1969-02-28,1.04
1969-03-31,1.0270000000000001
1969-04-30,0.941
1969-05-31,1.092
1969-06-30,1.219
1969-07-31,1.077
1969-08-31,0.9059999999999999
1969-09-30,0.857
1969-10-31,0.831
1969-11-30,0.76
1969-12-31,0.7440000000000001
1970-01-31,0.675
1970-02-28,0.575
1970-03-31,0.439
1970-04-30,0.309
1970-05-31,0.09
1970-06-30,-0.501
1970-07-31,-1.153
1970-08-31,-1.347
1970-09-30,-1.228
1970-10-31,-1.1
1970-11-30,-1.06
1970-12-31,-1.128
1971-01-31,-1.281
1971-02-28,-1.5630000000000002
1971-03-31,-1.8730000000000002
1971-04-30,-1.979
1971-05-31,-1.764
1971-06-30,-1.534
1971-07-31,-1.304
1971-08-31,-1.041
1971-09-30,-1.296
1971-10-31,-1.3980000000000001
1971-11-30,-1.102
1971-12-31,-0.986
1972-01-31,-0.6509999999999999
1972-02-29,-0.258
1972-03-31,-0.146
1972-04-30,0.08
1972-05-31,0.7509999999999999
1972-06-30,1.546
1972-07-31,2.0869999999999997
1972-08-31,2.209
1972-09-30,2.068
1972-10-31,1.88
1972-11-30,1.844
1972-12-31,2.008
1973-01-31,2.023
1973-02-28,1.756
1973-03-31,1.3030000000000002
1973-04-30,0.743
1973-05-31,0.154
1973-06-30,-0.52
1973-07-31,-1.077
1973-08-31,-1.3630000000000002
1973-09-30,-1.6640000000000001
1973-10-31,-1.742
1973-11-30,-1.591
1973-12-31,-1.768
1974-01-31,-2.024
1974-02-28,-2.188
1974-03-31,-2.088
1974-04-30,-1.8019999999999998
1974-05-31,-1.2409999999999999
1974-06-30,-0.821
1974-07-31,-0.976
1974-08-31,-0.858
1974-09-30,-0.5429999999999999
1974-10-31,-0.815
1974-11-30,-1.094
1974-12-31,-1.033
1975-01-31,-0.703
1975-02-28,-0.479
1975-03-31,-0.625
1975-04-30,-0.953
1975-05-31,-1.083
1975-06-30,-1.168
1975-07-31,-1.4080000000000001
1975-08-31,-1.744
1975-09-30,-2.055
1975-10-31,-2.27
1975-11-30,-2.19
1975-12-31,-1.909
1976-01-31,-1.764
1976-02-29,-1.626
1976-03-31,-1.459
1976-04-30,-1.2890000000000001
1976-05-31,-0.777
1976-06-30,-0.006999999999999999
1976-07-31,0.674
1976-08-31,0.7709999999999999
1976-09-30,0.948
1976-10-31,1.272
1976-11-30,0.982
1976-12-31,0.731
1977-01-31,0.71
1977-02-28,0.6509999999999999
1977-03-31,0.5479999999999999
1977-04-30,0.5579999999999999
1977-05-31,0.511
1977-06-30,0.42100000000000004
1977-07-31,0.6409999999999999
1977-08-31,0.7490000000000001
1977-09-30,0.715
1977-10-31,0.831
1977-11-30,1.01
1977-12-31,1.112
1978-01-31,0.9390000000000001
1978-02-28,0.846
1978-03-31,0.895
1978-04-30,0.57
1978-05-31,0.023
1978-06-30,-0.235
1978-07-31,-0.13699999999999998
1978-08-31,0.19
1978-09-30,-0.055999999999999994
1978-10-31,-0.142
1978-11-30,0.39
1978-12-31,0.626
1979-01-31,0.47
1979-02-28,0.26
1979-03-31,-0.08
1979-04-30,0.2
1979-05-31,0.27
1979-06-30,-0.15
1979-07-31,-0.14
1979-08-31,0.44
1979-09-30,0.38
1979-10-31,0.24
1979-11-30,0.52
1979-12-31,0.65
1980-01-31,0.35
1980-02-29,0.19
1980-03-31,0.41
1980-04-30,0.59
1980-05-31,0.55
1980-06-30,0.62
1980-07-31,0.62
1980-08-31,0.15
1980-09-30,0.2
1980-10-31,0.09
1980-11-30,-0.03
1980-12-31,-0.06
1981-01-31,-0.33
1981-02-28,-0.24
1981-03-31,0.33
1981-04-30,0.41
1981-05-31,-0.27
1981-06-30,-0.6
1981-07-31,-0.51
1981-08-31,-0.31
1981-09-30,-0.01
1981-10-31,-0.1
1981-11-30,-0.22
1981-12-31,-0.16
1982-01-31,-0.38
1982-02-28,-0.47
1982-03-31,-0.28
1982-04-30,-0.34
1982-05-31,-0.03
1982-06-30,0.78
1982-07-31,1.79
1982-08-31,2.02
1982-09-30,1.81
1982-10-31,1.93
1982-11-30,2.28
1982-12-31,2.48
1983-01-31,2.57
1983-02-28,2.74
1983-03-31,2.68
1983-04-30,2.79
1983-05-31,2.89
1983-06-30,2.02
1983-07-31,0.75
1983-08-31,-0.11
1983-09-30,-0.41
1983-10-31,-0.43
1983-11-30,-0.43
1983-12-31,-0.43
1984-01-31,-0.5
1984-02-29,-0.52
1984-03-31,-0.11
1984-04-30,0.09
1984-05-31,-0.47
1984-06-30,-0.72
1984-07-31,-0.31
1984-08-31,-0.15
1984-09-30,-0.11
1984-10-31,-0.15
1984-11-30,-0.58
1984-12-31,-0.31
1985-01-31,-0.25
1985-02-28,-0.58
1985-03-31,-0.6
1985-04-30,-0.76
1985-05-31,-1.22
1985-06-30,-0.57
1985-07-31,-0.02
1985-08-31,-0.37
1985-09-30,-0.44
1985-10-31,-0.04
1985-11-30,0.0
1985-12-31,-0.34
1986-01-31,-0.36
1986-02-28,-0.3
1986-03-31,-0.39
1986-04-30,-0.52
1986-05-31,-0.18
1986-06-30,0.12
1986-07-31,0.56
1986-08-31,1.05
1986-09-30,1.31
1986-10-31,0.57
1986-11-30,0.65
1986-12-31,1.06
1987-01-31,0.98
1987-02-28,1.08
1987-03-31,1.47
1987-04-30,1.66
1987-05-31,1.91
1987-06-30,2.02
1987-07-31,1.92
1987-08-31,1.48
1987-09-30,1.23
1987-10-31,1.13
1987-11-30,0.85
1987-12-31,0.75
1988-01-31,0.59
1988-02-29,0.31
1988-03-31,0.19
1988-04-30,-0.01
1988-05-31,-0.36
1988-06-30,-1.19
1988-07-31,-1.77
1988-08-31,-1.79
1988-09-30,-1.77
1988-10-31,-1.54
1988-11-30,-1.61
1988-12-31,-1.49
1989-01-31,-1.09
1989-02-28,-1.06
1989-03-31,-1.2
1989-04-30,-1.09
1989-05-31,-1.04
1989-06-30,-1.02
1989-07-31,-1.12
1989-08-31,-0.73
1989-09-30,-0.61
1989-10-31,-0.56
1989-11-30,-0.33
1989-12-31,-0.02
1990-01-31,0.12
1990-02-28,0.43
1990-03-31,0.61
1990-04-30,0.17
1990-05-31,0.03
1990-06-30,0.04
1990-07-31,0.17
1990-08-31,0.06
1990-09-30,0.21
1990-10-31,-0.06
1990-11-30,0.12
1990-12-31,0.28
1991-01-31,0.16
1991-02-28,0.08
1991-03-31,0.21
1991-04-30,0.21
1991-05-31,0.35
1991-06-30,0.89
1991-07-31,0.88
1991-08-31,0.42
1991-09-30,0.62
1991-10-31,1.09
1991-11-30,1.17
1991-12-31,1.29
1992-01-31,1.7
1992-02-29,1.59
1992-03-31,1.72
1992-04-30,1.98
1992-05-31,1.69
1992-06-30,1.58
1992-07-31,0.76
1992-08-31,0.08
1992-09-30,0.5
1992-10-31,0.81
1992-11-30,0.73
1992-12-31,0.78
1993-01-31,0.83
1993-02-28,0.93
1993-03-31,0.78
1993-04-30,0.98
1993-05-31,1.48
1993-06-30,1.5
1993-07-31,0.91
1993-08-31,0.62
1993-09-30,0.64
1993-10-31,0.95
1993-11-30,0.7
1993-12-31,0.26
1994-01-31,0.02
1994-02-28,-0.17
1994-03-31,-0.21
1994-04-30,0.03
1994-05-31,0.0
1994-06-30,0.25
1994-07-31,0.88
1994-08-31,0.84
1994-09-30,1.06
1994-10-31,1.47
1994-11-30,0.99
1994-12-31,0.87
1995-01-31,0.77
1995-02-28,0.48
1995-03-31,0.14
1995-04-30,0.18
1995-05-31,0.16
1995-06-30,-0.0
1995-07-31,-0.25
1995-08-31,-0.65
1995-09-30,-0.86
1995-10-31,-0.65
1995-11-30,-0.67
1995-12-31,-0.82
1996-01-31,-0.83
1996-02-29,-0.81
1996-03-31,-0.64
1996-04-30,-0.69
1996-05-31,-0.83
1996-06-30,-0.9
1996-07-31,-0.76
1996-08-31,-0.6
1996-09-30,-0.26
1996-10-31,-0.31
1996-11-30,-0.3
1996-12-31,-0.45
1997-01-31,-0.66
1997-02-28,-0.72
1997-03-31,-0.29
1997-04-30,0.17
1997-05-31,0.68
1997-06-30,2.25
1997-07-31,2.11
1997-08-31,2.2
1997-09-30,2.17
1997-10-31,2.01
1997-11-30,2.06
1997-12-31,2.03
1998-01-31,2.23
1998-02-28,2.43
1998-03-31,2.27
1998-04-30,2.55
1998-05-31,2.26
1998-06-30,0.37
1998-07-31,-1.42
1998-08-31,-1.74
1998-09-30,-1.31
1998-10-31,-1.21
1998-11-30,-1.3
1998-12-31,-1.25
1999-01-31,-1.26
1999-02-28,-1.18
1999-03-31,-1.11
1999-04-30,-1.17
1999-05-31,-1.36
1999-06-30,-1.26
1999-07-31,-1.19
1999-08-31,-1.07
1999-09-30,-1.17
1999-10-31,-1.31
1999-11-30,-1.33
1999-12-31,-1.43
2000-01-31,-1.26
2000-02-29,-1.27
2000-03-31,-1.36
2000-04-30,-0.93
2000-05-31,-0.97
2000-06-30,-1.14
2000-07-31,-0.58
2000-08-31,-0.08
2000-09-30,-0.36
2000-10-31,-0.55
2000-11-30,-0.91
2000-12-31,-0.8
2001-01-31,-0.82
2001-02-28,-0.87
2001-03-31,-0.79
2001-04-30,-0.61
2001-05-31,-0.58
2001-06-30,-0.71
2001-07-31,-0.02
2001-08-31,0.34
2001-09-30,-0.07
2001-10-31,-0.25
2001-11-30,-0.32
2001-12-31,0.02
2002-01-31,0.07
2002-02-28,-0.26
2002-03-31,-0.2
2002-04-30,-0.36
2002-05-31,-0.1
2002-06-30,0.4
2002-07-31,0.42
2002-08-31,0.97
2002-09-30,0.84
2002-10-31,0.79
2002-11-30,0.76
2002-12-31,0.86
2003-01-31,0.8
2003-02-28,0.62
2003-03-31,0.53
2003-04-30,-0.08
2003-05-31,-0.57
2003-06-30,-0.07
2003-07-31,0.01
2003-08-31,0.01
2003-09-30,0.14
2003-10-31,0.26
2003-11-30,0.29
2003-12-31,0.1
2004-01-31,0.16
2004-02-29,-0.04
2004-03-31,-0.44
2004-04-30,-0.23
2004-05-31,-0.44
2004-06-30,-0.34
2004-07-31,0.43
2004-08-31,0.74
2004-09-30,0.54
2004-10-31,0.34
2004-11-30,0.51
2004-12-31,0.51
2005-01-31,0.08
2005-02-28,0.61
2005-03-31,0.82
2005-04-30,0.13
2005-05-31,0.18
2005-06-30,0.2
2005-07-31,-0.02
2005-08-31,-0.01
2005-09-30,-0.05
2005-10-31,-0.71
2005-11-30,-0.75
2005-12-31,-0.73
2006-01-31,-0.68
2006-02-28,-0.5
2006-03-31,-0.61
2006-04-30,-0.84
2006-05-31,-0.43
2006-06-30,-0.23
2006-07-31,0.11
2006-08-31,0.56
2006-09-30,0.63
2006-10-31,0.68
2006-11-30,0.9
2006-12-31,0.59
2007-01-31,0.62
2007-02-28,0.39
2007-03-31,-0.22
2007-04-30,-0.36
2007-05-31,-0.44
2007-06-30,-0.86
2007-07-31,-0.77
2007-08-31,-0.93
2007-09-30,-1.1
2007-10-31,-1.14
2007-11-30,-1.13
2007-12-31,-1.22
2008-01-31,-1.08
2008-02-29,-1.27
2008-03-31,-1.54
2008-04-30,-1.13
2008-05-31,-0.98
2008-06-30,-0.86
2008-07-31,-0.87
2008-08-31,-1.08
2008-09-30,-1.07
2008-10-31,-1.12
2008-11-30,-1.05
2008-12-31,-1.05
2009-01-31,-1.01
2009-02-28,-0.85
2009-03-31,-0.94
2009-04-30,-0.81
2009-05-31,-0.72
2009-06-30,-0.06
2009-07-31,0.49
2009-08-31,0.52
2009-09-30,0.39
2009-10-31,0.56
2009-11-30,1.05
2009-12-31,0.96
2010-01-31,0.93
2010-02-28,1.28
2010-03-31,1.31
2010-04-30,0.49
2010-05-31,-0.17
2010-06-30,-1.33
2010-07-31,-2.43
2010-08-31,-2.4
2010-09-30,-2.28
2010-10-31,-2.18
2010-11-30,-2.04
2010-12-31,-1.91
2011-01-31,-1.83
2011-02-28,-1.63
2011-03-31,-1.79
2011-04-30,-1.74
2011-05-31,-1.29
2011-06-30,-1.08
2011-07-31,-0.86
2011-08-31,-0.88
2011-09-30,-1.16
2011-10-31,-1.37
2011-11-30,-1.21
2011-12-31,-1.24
2012-01-31,-1.08
2012-02-29,-0.67
2012-03-31,-0.59
2012-04-30,-0.43
2012-05-31,-0.35
2012-06-30,-0.28
2012-07-31,0.3
2012-08-31,-0.06
2012-09-30,-0.32
2012-10-31,-0.22
2012-11-30,-0.07
2012-12-31,-0.07
2013-01-31,-0.05
2013-02-28,-0.07
2013-03-31,-0.14
2013-04-30,-0.37
2013-05-31,-0.71
2013-06-30,-1.18
2013-07-31,-0.85
2013-08-31,-0.5
2013-09-30,-0.38
2013-10-31,-0.16
2013-11-30,-0.18
2013-12-31,-0.35
2014-01-31,-0.51
2014-02-28,-0.43
2014-03-31,-0.08
2014-04-30,-0.16
2014-05-31,-0.18
2014-06-30,-0.01
2014-07-31,0.32
2014-08-31,0.16
2014-09-30,-0.15
2014-10-31,0.07
2014-11-30,0.34
2014-12-31,0.34
2015-01-31,0.23
2015-02-28,0.05
2015-03-31,0.13
2015-04-30,0.35
2015-05-31,0.96
2015-06-30,1.85
2015-07-31,1.73
2015-08-31,1.92
2015-09-30,2.21
2015-10-31,2.11
2015-11-30,1.88
2015-12-31,1.9
2016-01-31,1.94
2016-02-29,1.81
2016-03-31,1.31
2016-04-30,1.33
2016-05-31,1.26
2016-06-30,0.36
2016-07-31,-0.51
2016-08-31,-0.28
2016-09-30,-0.34
2016-10-31,-0.6
2016-11-30,-0.51
2016-12-31,-0.34
2017-01-31,-0.41
2017-02-28,-0.41
2017-03-31,-0.58
2017-04-30,-0.21
2017-05-31,0.17
2017-06-30,-0.29
2017-07-31,-0.7
2017-08-31,-0.77
2017-09-30,-0.8
2017-10-31,-0.63
2017-11-30,-0.63
2017-12-31,-0.73
2018-01-31,-0.77
2018-02-28,-0.7
2018-03-31,-0.79
2018-04-30,-1.29
2018-05-31,-0.91
2018-06-30,-0.51
2018-07-31,-0.17
2018-08-31,0.36
2018-09-30,0.52
2018-10-31,0.41
2018-11-30,0.26
2018-12-31,0.13
2019-01-31,0.08
2019-02-28,0.52
2019-03-31,0.77
2019-04-30,0.33
2019-05-31,0.26
2019-06-30,0.35
2019-07-31,0.24
2019-08-31,0.3
2019-09-30,0.15
2019-10-31,0.27
2019-11-30,0.45
2019-12-31,0.41
2020-01-31,0.29
2020-02-29,0.3
2020-03-31,0.15
2020-04-30,-0.11
2020-05-31,-0.24
2020-06-30,-0.73
2020-07-31,-1.0
2020-08-31,-0.99
2020-09-30,-1.19
2020-10-31,-1.2
2020-11-30,-1.15
2020-12-31,-1.16
